the_geom,cartodb_id,the_geom_webmercator,objectid,verror,mapsource,sourcedate,editdate,mapmethod,quadname,unitname,herror,county,state,x_coord,y_coord,lat,lon,watershed,streamname,elevation,year,notes,coord_units,coord_system,datum,utm_zone,managementzone,parkdistrict,editby,createby,createdate,unitcode,restriction,veg_class,landform,loc_name,loc_id,trail,road,valid_result,genus_speciesmaxent,genus_speciesirma,grsm_speciesid,commonname,taxagroup,subjectcategory,dateretrieved,kingdom,subkingdom,phylum,subphylum,class,subclass,superdivision,division,subdivision,superorder,ordername,series,suborder,infraorder,superfamily,family,subfamily,tribe,collectionmethod,specimentype,dateprecision,identificationprecision,project
0101000020E6100000BAEDF99CC6FA54C0840CFF51AABC4140,175462,0101000020110F0000C42C6FCF66D161C177CB802F5F215041,175084,>1m <=5m,ATBI DATABASE,,1446917747000,DERV,TAPOCO,Great Smoky Mountains National Park,>1m <=5m,Blount,Tennessee,235201,3929519,35.473941,-83.918368,Chilhowee Lake,Cooper Camp Branch,2123.134766,,,dd,GCS,NAD83,17,,Cades Cove District,TPCOLSON,TPCOLSON,1446917747000,GRSM,UNR,,10,,,Twentymile Trail,Parson Branch Road (closed Winter),Valid,Gamochaeta_purpurea,Gamochaeta  purpurea,17042,Spoon-leaf Purple Everlasting,Plant,Ecological Framework: Biological Integrity | Focal Species or Communities | Vegetation Complexs,1118016000000,Plantae,Tracheobionta, , ,Magnoliopsida,Asteridae,Spermatophyta,Magnoliophyta, , ,Asterales, , , , ,Asteraceae, ,~,observed, ,day,cert,TVA Powerline Plants
0101000020E61000009145C03F4AFB54C053695EEAF4BD4140,175461,0101000020110F00001375D09BD6D161C11CBD79FAB7225041,175083,>1m <=5m,ATBI DATABASE,,1446917747000,DERV,TAPOCO,Great Smoky Mountains National Park,>1m <=5m,Blount,Tennessee,234505,3930660,35.48403,-83.926403,Chilhowee Lake,,2145.195557,,,dd,GCS,NAD83,17,,Cades Cove District,TPCOLSON,TPCOLSON,1446917747000,GRSM,UNR,,8,,,Wolf Ridge Trail,Parson Branch Road (closed Winter),Valid,Gamochaeta_purpurea,Gamochaeta  purpurea,17042,Spoon-leaf Purple Everlasting,Plant,Ecological Framework: Biological Integrity | Focal Species or Communities | Vegetation Complexs,1118016000000,Plantae,Tracheobionta, , ,Magnoliopsida,Asteridae,Spermatophyta,Magnoliophyta, , ,Asterales, , , , ,Asteraceae, ,~,observed, ,day,cert,TVA Powerline Plants
0101000020E6100000D263BF7A7EFB54C04531664365BE4140,175459,0101000020110F00000C4DCEF702D261C1C22831292D235041,175081,>1m <=5m,ATBI DATABASE,,1446917746000,DERV,TAPOCO,Great Smoky Mountains National Park,>1m <=5m,Blount,Tennessee,234227,3931049,35.487458,-83.929591,Chilhowee Lake,,2053.605713,,,dd,GCS,NAD83,17,,Cades Cove District,TPCOLSON,TPCOLSON,1446917746000,GRSM,UNR,,7,,,Wolf Ridge Trail,Parson Branch Road (closed Winter),Valid,Gamochaeta_purpurea,Gamochaeta  purpurea,17042,Spoon-leaf Purple Everlasting,Plant,Ecological Framework: Biological Integrity | Focal Species or Communities | Vegetation Complexs,1118016000000,Plantae,Tracheobionta, , ,Magnoliopsida,Asteridae,Spermatophyta,Magnoliophyta, , ,Asterales, , , , ,Asteraceae, ,~,observed, ,day,cert,TVA Powerline Plants
0101000020E6100000562B2FD378FB54C0847D10096CBE4140,175460,0101000020110F0000E2CC632AFED161C187F4803934235041,175082,>1m <=5m,ATBI DATABASE,,1446917746000,DERV,TAPOCO,Great Smoky Mountains National Park,>1m <=5m,Blount,Tennessee,234259,3931071,35.487665,-83.929245,Chilhowee Lake,,2079.214355,,,dd,GCS,NAD83,17,,Cades Cove District,TPCOLSON,TPCOLSON,1446917746000,GRSM,UNR,,10,,,Wolf Ridge Trail,Parson Branch Road (closed Winter),Valid,Gamochaeta_purpurea,Gamochaeta  purpurea,17042,Spoon-leaf Purple Everlasting,Plant,Ecological Framework: Biological Integrity | Focal Species or Communities | Vegetation Complexs,1118016000000,Plantae,Tracheobionta, , ,Magnoliopsida,Asteridae,Spermatophyta,Magnoliophyta, , ,Asterales, , , , ,Asteraceae, ,~,observed, ,day,cert,TVA Powerline Plants
0101000020E610000055595625E7F854C07E71C97B99BB4140,175468,0101000020110F0000E91D3999CFCF61C140D609AA42205041,175089,>1m <=5m,ATBI DATABASE,,1446917750000,DERV,TAPOCO,Great Smoky Mountains National Park,>1m <=5m,Swain,North Carolina,237830,3928517,35.465615,-83.889104,Lake Cheoah-Little Tennessee River,Judy Branch,1583.94397,,,dd,GCS,NAD83,17,,Deep Creek District,TPCOLSON,TPCOLSON,1446917750000,GRSM,UNR,,5,,,Twentymile Trail,Twenty Mile Ranger Station Road,Valid,Gamochaeta_purpurea,Gamochaeta  purpurea,17042,Spoon-leaf Purple Everlasting,Plant,Ecological Framework: Biological Integrity | Focal Species or Communities | Vegetation Complexs,1118016000000,Plantae,Tracheobionta, , ,Magnoliopsida,Asteridae,Spermatophyta,Magnoliophyta, , ,Asterales, , , , ,Asteraceae, ,~,observed, ,day,cert,TVA Powerline Plants
0101000020E610000005C92CEF28F854C06338760773BB4140,175469,0101000020110F0000BF76410D2ECF61C17D3BB9901A205041,175090,>1m <=5m,ATBI DATABASE,,1446917750000,DERV,TAPOCO,Great Smoky Mountains National Park,>1m <=5m,Swain,North Carolina,238880,3928356,35.464441,-83.877494,Lake Cheoah-Little Tennessee River,,1658.766846,,,dd,GCS,NAD83,17,,Deep Creek District,TPCOLSON,TPCOLSON,1446917750000,GRSM,UNR,,8,,,Twentymile Trail,Twenty Mile Ranger Station Parking # 2,Valid,Gamochaeta_purpurea,Gamochaeta  purpurea,17042,Spoon-leaf Purple Everlasting,Plant,Ecological Framework: Biological Integrity | Focal Species or Communities | Vegetation Complexs,1118016000000,Plantae,Tracheobionta, , ,Magnoliopsida,Asteridae,Spermatophyta,Magnoliophyta, , ,Asterales, , , , ,Asteraceae, ,~,observed, ,day,cert,TVA Powerline Plants
0101000020E610000029E1F01F5EF954C0DADD9E48B9BB4140,175465,0101000020110F00006089B9A534D061C1052E20D363205041,175086,>1m <=5m,ATBI DATABASE,,1446917748000,DERV,TAPOCO,Great Smoky Mountains National Park,>1m <=5m,Swain,North Carolina,237174,3928644,35.466585,-83.896366,Lake Cheoah-Little Tennessee River,,1763.761597,,,dd,GCS,NAD83,17,,Deep Creek District,TPCOLSON,TPCOLSON,1446917748000,GRSM,UNR,,6,,,Twentymile Trail,Twenty Mile Ranger Station Road,Valid,Gamochaeta_purpurea,Gamochaeta  purpurea,17042,Spoon-leaf Purple Everlasting,Plant,Ecological Framework: Biological Integrity | Focal Species or Communities | Vegetation Complexs,1118016000000,Plantae,Tracheobionta, , ,Magnoliopsida,Asteridae,Spermatophyta,Magnoliophyta, , ,Asterales, , , , ,Asteraceae, ,~,observed, ,day,cert,TVA Powerline Plants
0101000020E61000002967EB1D24F954C0E7EF2192B5BB4140,175467,0101000020110F000084CF986103D061C16CCBF8F35F205041,175088,>1m <=5m,ATBI DATABASE,,1446917749000,DERV,TAPOCO,Great Smoky Mountains National Park,>1m <=5m,Swain,North Carolina,237495,3928622,35.466472,-83.892825,Lake Cheoah-Little Tennessee River,,1814.850342,,,dd,GCS,NAD83,17,,Deep Creek District,TPCOLSON,TPCOLSON,1446917749000,GRSM,UNR,,10,,,Twentymile Trail,Twenty Mile Ranger Station Road,Valid,Gamochaeta_purpurea,Gamochaeta  purpurea,17042,Spoon-leaf Purple Everlasting,Plant,Ecological Framework: Biological Integrity | Focal Species or Communities | Vegetation Complexs,1118016000000,Plantae,Tracheobionta, , ,Magnoliopsida,Asteridae,Spermatophyta,Magnoliophyta, , ,Asterales, , , , ,Asteraceae, ,~,observed, ,day,cert,TVA Powerline Plants
0101000020E61000003111CDA124F954C0E7582907AABB4140,175466,0101000020110F0000459A9AD103D061C13D6F95EA53205041,175087,>1m <=5m,ATBI DATABASE,,1446917749000,DERV,TAPOCO,Great Smoky Mountains National Park,>1m <=5m,Swain,North Carolina,237491,3928583,35.46612,-83.892857,Lake Cheoah-Little Tennessee River,,1787.291504,,,dd,GCS,NAD83,17,,Deep Creek District,TPCOLSON,TPCOLSON,1446917749000,GRSM,UNR,,7,,,Twentymile Trail,Twenty Mile Ranger Station Road,Valid,Gamochaeta_purpurea,Gamochaeta  purpurea,17042,Spoon-leaf Purple Everlasting,Plant,Ecological Framework: Biological Integrity | Focal Species or Communities | Vegetation Complexs,1118016000000,Plantae,Tracheobionta, , ,Magnoliopsida,Asteridae,Spermatophyta,Magnoliophyta, , ,Asterales, , , , ,Asteraceae, ,~,observed, ,day,cert,TVA Powerline Plants
0101000020E6100000A1A4A23F61F954C08B407A6CC6BB4140,175464,0101000020110F000075CBE74C37D061C11FEAE98671205041,175085,>1m <=5m,ATBI DATABASE,,1446917748000,DERV,TAPOCO,Great Smoky Mountains National Park,>1m <=5m,Swain,North Carolina,237158,3928689,35.466986,-83.896556,Lake Cheoah-Little Tennessee River,,1793.683472,,,dd,GCS,NAD83,17,,Deep Creek District,TPCOLSON,TPCOLSON,1446917748000,GRSM,UNR,,7,,,Twentymile Trail,Twenty Mile Ranger Station Road,Valid,Gamochaeta_purpurea,Gamochaeta  purpurea,17042,Spoon-leaf Purple Everlasting,Plant,Ecological Framework: Biological Integrity | Focal Species or Communities | Vegetation Complexs,1118016000000,Plantae,Tracheobionta, , ,Magnoliopsida,Asteridae,Spermatophyta,Magnoliophyta, , ,Asterales, , , , ,Asteraceae, ,~,observed, ,day,cert,TVA Powerline Plants
0101000020E6100000FA0BD0C5E5F554C03D600E2A4DBA4140,175477,0101000020110F00003DDC6F2B42CD61C156451927E81E5041,175098,>1m <=5m,ATBI DATABASE,,1446917754000,DERV,FONTANA DAM,Great Smoky Mountains National Park,>1m <=5m,Swain,North Carolina,242060,3927268,35.455473,-83.842145,Lake Cheoah-Little Tennessee River,,1558.213379,,,dd,GCS,NAD83,17,,Deep Creek District,TPCOLSON,TPCOLSON,1446917754000,GRSM,UNR,,6,,,Twentymile Trail,Payne Cemetery Access Road,Valid,Gamochaeta_purpurea,Gamochaeta  purpurea,17042,Spoon-leaf Purple Everlasting,Plant,Ecological Framework: Biological Integrity | Focal Species or Communities | Vegetation Complexs,1118016000000,Plantae,Tracheobionta, , ,Magnoliopsida,Asteridae,Spermatophyta,Magnoliophyta, , ,Asterales, , , , ,Asteraceae, ,~,observed, ,day,cert,TVA Powerline Plants
0101000020E61000005974E3C4F4F454C01AF3D5B62ABA4140,175478,0101000020110F00002448387C75CC61C1B510E13BC41E5041,175099,>1m <=5m,ATBI DATABASE,,1446917755000,DERV,FONTANA DAM,Great Smoky Mountains National Park,>1m <=5m,Swain,North Carolina,243392,3927113,35.454422,-83.827435,Lake Cheoah-Little Tennessee River,,1842.969482,,,dd,GCS,NAD83,17,,Deep Creek District,TPCOLSON,TPCOLSON,1446917755000,GRSM,UNR,,7,,,Fairfax/Old Payne (Palmer) Access,Payne Cemetery Access Road,Valid,Gamochaeta_purpurea,Gamochaeta  purpurea,17042,Spoon-leaf Purple Everlasting,Plant,Ecological Framework: Biological Integrity | Focal Species or Communities | Vegetation Complexs,1118016000000,Plantae,Tracheobionta, , ,Magnoliopsida,Asteridae,Spermatophyta,Magnoliophyta, , ,Asterales, , , , ,Asteraceae, ,~,observed, ,day,cert,TVA Powerline Plants
0101000020E6100000859DC0D925F654C0D6C9AB1062BA4140,175476,0101000020110F000099E04E9778CD61C146FDE3F1FD1E5041,175097,>1m <=5m,ATBI DATABASE,,1446917754000,DERV,FONTANA DAM,Great Smoky Mountains National Park,>1m <=5m,Swain,North Carolina,241707,3927349,35.456111,-83.846056,Lake Cheoah-Little Tennessee River,Fox Branch,1585.448364,,,dd,GCS,NAD83,17,,Deep Creek District,TPCOLSON,TPCOLSON,1446917754000,GRSM,UNR,,6,,,Twentymile Trail,Payne Cemetery Access Road,Valid,Gamochaeta_purpurea,Gamochaeta  purpurea,17042,Spoon-leaf Purple Everlasting,Plant,Ecological Framework: Biological Integrity | Focal Species or Communities | Vegetation Complexs,1118016000000,Plantae,Tracheobionta, , ,Magnoliopsida,Asteridae,Spermatophyta,Magnoliophyta, , ,Asterales, , , , ,Asteraceae, ,~,observed, ,day,cert,TVA Powerline Plants
0101000020E610000076C7E31B6AF654C01BF83A7145BA4140,175475,0101000020110F000003351990B2CD61C1B67BFB19E01E5041,175096,>1m <=5m,ATBI DATABASE,,1446917753000,DERV,FONTANA DAM,Great Smoky Mountains National Park,>1m <=5m,Swain,North Carolina,241326,3927263,35.455237,-83.850222,Lake Cheoah-Little Tennessee River,Fox Branch,1720.771484,,,dd,GCS,NAD83,17,,Deep Creek District,TPCOLSON,TPCOLSON,1446917753000,GRSM,UNR,,9,,,Twentymile Trail,Twenty Mile Trailhead Parking,Valid,Gamochaeta_purpurea,Gamochaeta  purpurea,17042,Spoon-leaf Purple Everlasting,Plant,Ecological Framework: Biological Integrity | Focal Species or Communities | Vegetation Complexs,1118016000000,Plantae,Tracheobionta, , ,Magnoliopsida,Asteridae,Spermatophyta,Magnoliophyta, , ,Asterales, , , , ,Asteraceae, ,~,observed, ,day,cert,TVA Powerline Plants
0101000020E610000092303E92B3F654C06A87BA6D31BA4140,175474,0101000020110F0000171257F4F0CD61C18DC60B3CCB1E5041,175095,>1m <=5m,ATBI DATABASE,,1446917753000,DERV,FONTANA DAM,Great Smoky Mountains National Park,>1m <=5m,Swain,North Carolina,240917,3927207,35.454627,-83.854706,Lake Cheoah-Little Tennessee River,,1694.576782,,,dd,GCS,NAD83,17,,Deep Creek District,TPCOLSON,TPCOLSON,1446917753000,GRSM,UNR,,9,,,Twentymile Trail,Twenty Mile Trailhead Parking,Valid,Gamochaeta_purpurea,Gamochaeta  purpurea,17042,Spoon-leaf Purple Everlasting,Plant,Ecological Framework: Biological Integrity | Focal Species or Communities | Vegetation Complexs,1118016000000,Plantae,Tracheobionta, , ,Magnoliopsida,Asteridae,Spermatophyta,Magnoliophyta, , ,Asterales, , , , ,Asteraceae, ,~,observed, ,day,cert,TVA Powerline Plants
0101000020E6100000FD4A3352F9F654C0B3DCA80E2CBA4140,175472,0101000020110F0000B30E69312CCE61C13A015CA2C51E5041,175093,>1m <=5m,ATBI DATABASE,,1446917752000,DERV,FONTANA DAM,Great Smoky Mountains National Park,>1m <=5m,Swain,North Carolina,240530,3927200,35.454463,-83.858963,Lake Cheoah-Little Tennessee River,,1900.487915,,,dd,GCS,NAD83,17,,Deep Creek District,TPCOLSON,TPCOLSON,1446917752000,GRSM,UNR,,7,,,Twentymile Trail,Twenty Mile Trailhead Parking,Valid,Gamochaeta_purpurea,Gamochaeta  purpurea,17042,Spoon-leaf Purple Everlasting,Plant,Ecological Framework: Biological Integrity | Focal Species or Communities | Vegetation Complexs,1118016000000,Plantae,Tracheobionta, , ,Magnoliopsida,Asteridae,Spermatophyta,Magnoliophyta, , ,Asterales, , , , ,Asteraceae, ,~,observed, ,day,cert,TVA Powerline Plants
0101000020E6100000675775E4F5F654C0B3A105E221BA4140,175473,0101000020110F0000909EF14729CE61C19F75B206BB1E5041,175094,>1m <=5m,ATBI DATABASE,,1446917752000,DERV,FONTANA DAM,Great Smoky Mountains National Park,>1m <=5m,Swain,North Carolina,240548,3927165,35.454152,-83.858754,Lake Cheoah-Little Tennessee River,,1879.313843,,,dd,GCS,NAD83,17,,Deep Creek District,TPCOLSON,TPCOLSON,1446917752000,GRSM,UNR,,10,,,Twentymile Trail,Twenty Mile Trailhead Parking,Valid,Gamochaeta_purpurea,Gamochaeta  purpurea,17042,Spoon-leaf Purple Everlasting,Plant,Ecological Framework: Biological Integrity | Focal Species or Communities | Vegetation Complexs,1118016000000,Plantae,Tracheobionta, , ,Magnoliopsida,Asteridae,Spermatophyta,Magnoliophyta, , ,Asterales, , , , ,Asteraceae, ,~,observed, ,day,cert,TVA Powerline Plants
0101000020E6100000B9CA97D3C2F754C0942DF0E724BB4140,175470,0101000020110F00008F87E654D7CE61C1E720631AC91F5041,175091,>1m <=5m,ATBI DATABASE,,1446917751000,DERV,FONTANA DAM,Great Smoky Mountains National Park,>1m <=5m,Swain,North Carolina,239438,3928075,35.462057,-83.871262,Lake Cheoah-Little Tennessee River,,1686.404419,,,dd,GCS,NAD83,17,,Deep Creek District,TPCOLSON,TPCOLSON,1446917751000,GRSM,UNR,,7,,,Twentymile Trail,Twenty Mile Trailhead Parking,Valid,Gamochaeta_purpurea,Gamochaeta  purpurea,17042,Spoon-leaf Purple Everlasting,Plant,Ecological Framework: Biological Integrity | Focal Species or Communities | Vegetation Complexs,1118016000000,Plantae,Tracheobionta, , ,Magnoliopsida,Asteridae,Spermatophyta,Magnoliophyta, , ,Asterales, , , , ,Asteraceae, ,~,observed, ,day,cert,TVA Powerline Plants
0101000020E6100000EB481E1DB1F154C01450F7EDE3BD4140,175480,0101000020110F0000E0214CC3AFC961C118B50E43A6225041,175101,>1m <=5m,ATBI DATABASE,,1446917756000,DERV,FONTANA DAM,Great Smoky Mountains National Park,>1m <=5m,Swain,North Carolina,248113,3930209,35.483512,-83.776431,Eagle Creek,Eagle Creek,1697.239258,,,dd,GCS,NAD83,17,,Deep Creek District,TPCOLSON,TPCOLSON,1446917756000,GRSM,UNR,,6,,,Lakeshore Trail,Lakeview Drive West,Valid,Gamochaeta_purpurea,Gamochaeta  purpurea,17042,Spoon-leaf Purple Everlasting,Plant,Ecological Framework: Biological Integrity | Focal Species or Communities | Vegetation Complexs,1082851200000,Plantae,Tracheobionta, , ,Magnoliopsida,Asteridae,Spermatophyta,Magnoliophyta, , ,Asterales, , , , ,Asteraceae, ,~,by hand, , ,cert,INHS plant survey
0101000020E610000097B4263987EE54C01C93658B9BBC4140,175483,0101000020110F00001D4C31ECFFC661C15235B7C64F215041,175104,>1m <=5m,ATBI DATABASE,,1446917757000,DERV,TUSKEEGEE,Great Smoky Mountains National Park,>1m <=5m,Swain,North Carolina,252568,3928972,35.47349,-83.726999,Hazel Creek,Hazel Creek,1702.226807,,,dd,GCS,NAD83,17,,Deep Creek District,TPCOLSON,TPCOLSON,1446917757000,GRSM,UNR,,4,,,Hazel Creek Trail,Lakeview Drive West,Valid,Gamochaeta_purpurea,Gamochaeta  purpurea,17042,Spoon-leaf Purple Everlasting,Plant,Ecological Framework: Biological Integrity | Focal Species or Communities | Vegetation Complexs,1051747200000,Plantae,Tracheobionta, , ,Magnoliopsida,Asteridae,Spermatophyta,Magnoliophyta, , ,Asterales, , , , ,Asteraceae, ,~,observed, , ,cert,INHS plant survey
0101000020E6100000C5C9B180FFE654C014D2661154B94140,175484,0101000020110F00009A2D7FB59AC061C138196F72E41D5041,175105,>1m <=5m,ATBI DATABASE,,1446917758000,DERV,NOLAND CREEK,Great Smoky Mountains National Park,>1m <=5m,Swain,North Carolina,263171,3925841,35.447871,-83.609341,Lower Fontana Lake-Little Tennessee River,Chambers Creek,1697.696289,,,dd,GCS,NAD83,17,,Deep Creek District,TPCOLSON,TPCOLSON,1446917758000,GRSM,UNR,,4,,,Lakeshore Trail,Lakeview Drive East Parking #4,Valid,Gamochaeta_purpurea,Gamochaeta  purpurea,17042,Spoon-leaf Purple Everlasting,Plant,Ecological Framework: Biological Integrity | Focal Species or Communities | Vegetation Complexs,1082937600000,Plantae,Tracheobionta, , ,Magnoliopsida,Asteridae,Spermatophyta,Magnoliophyta, , ,Asterales, , , , ,Asteraceae, ,~,by hand, , ,cert,INHS plant survey
0101000020E6100000BBABB90409E454C0A47ADAFD84BB4140,175485,0101000020110F00004DAC2E8716BE61C150D7BE4B2D205041,175106,>1m <=5m,ATBI DATABASE,,1446917758000,DERV,NOLAND CREEK,Great Smoky Mountains National Park,>1m <=5m,Swain,North Carolina,267423,3927630,35.464989,-83.563046,Forney Creek,Forney Creek,1697.284058,,,dd,GCS,NAD83,17,,Deep Creek District,TPCOLSON,TPCOLSON,1446917758000,GRSM,UNR,,6,,,Lakeshore Trail,Lakeview Drive East Parking #4,Valid,Gamochaeta_purpurea,Gamochaeta  purpurea,17042,Spoon-leaf Purple Everlasting,Plant,Ecological Framework: Biological Integrity | Focal Species or Communities | Vegetation Complexs,1083196800000,Plantae,Tracheobionta, , ,Magnoliopsida,Asteridae,Spermatophyta,Magnoliophyta, , ,Asterales, , , , ,Asteraceae, ,~,by hand, , ,cert,INHS plant survey
0101000020E6100000850A8D4116E254C0708DDC8EC1BA4140,175487,0101000020110F0000637DD2ED6EBC61C169CC2683611F5041,175108,>1m <=5m,ATBI DATABASE,,1446917759000,DERV,NOLAND CREEK,Great Smoky Mountains National Park,>1m <=5m,Swain,North Carolina,270169,3926897,35.459025,-83.532604,Noland Creek,Laurel Branch,2015.328857,,,dd,GCS,NAD83,17,,Deep Creek District,TPCOLSON,TPCOLSON,1446917759000,GRSM,UNR,,4,,,Tunnel Bypass Trail NC,Lakeview Drive East,Valid,Gamochaeta_purpurea,Gamochaeta  purpurea,17042,Spoon-leaf Purple Everlasting,Plant,Ecological Framework: Biological Integrity | Focal Species or Communities | Vegetation Complexs,1051833600000,Plantae,Tracheobionta, , ,Magnoliopsida,Asteridae,Spermatophyta,Magnoliophyta, , ,Asterales, , , , ,Asteraceae, ,~,by hand, , ,cert,INHS plant survey
0101000020E6100000C12C73A18FF354C05A9F770510CE4140,175479,0101000020110F0000D215DE2A46CB61C1832816CC87335041,175100,>1m <=5m,ATBI DATABASE,,1446917755000,DERV,CADES COVE,Great Smoky Mountains National Park,>1m <=5m,Blount,Tennessee,245862,3944302,35.609857,-83.805637,Abrams Creek Upper,Feezell Branch,1967.669189,,,dd,GCS,NAD83,17,,Cades Cove District,TPCOLSON,TPCOLSON,1446917755000,GRSM,UNR,,7,,,Rich Mountain Loop Trail,Cades Cove Loop Road,Valid,Gamochaeta_purpurea,Gamochaeta  purpurea,17042,Spoon-leaf Purple Everlasting,Plant,Ecological Framework: Biological Integrity | Focal Species or Communities | Vegetation Complexs,901497600000,Plantae,Tracheobionta, , ,Magnoliopsida,Asteridae,Spermatophyta,Magnoliophyta, , ,Asterales, , , , ,Asteraceae, ,~,observed, ,day,cert,Fridley Veg Plots
0101000020E6100000FA9F50708DF754C01310974CB0C24140,175471,0101000020110F000009EA46FDA9CE61C15D3183C1A7275041,175092,>1m <=5m,ATBI DATABASE,,1446917751000,DERV,CADES COVE,Great Smoky Mountains National Park,>1m <=5m,Blount,Tennessee,239924,3934606,35.520998,-83.868004,Abrams Creek Lower,,4786.604492,,,dd,GCS,NAD83,17,,Cades Cove District,TPCOLSON,TPCOLSON,1446917751000,GRSM,UNR,,6,,,Gregory Bald Trail,Parson Branch Road (closed Winter),Valid,Gamochaeta_purpurea,Gamochaeta  purpurea,17042,Spoon-leaf Purple Everlasting,Plant,Ecological Framework: Biological Integrity | Focal Species or Communities | Vegetation Complexs,-1262304000000,Plantae,Tracheobionta, , ,Magnoliopsida,Asteridae,Spermatophyta,Magnoliophyta, , ,Asterales, , , , ,Asteraceae, ,~,observed,No,decade,cert,GRSMNP Grassy Balds
0101000020E610000017726A3CD8FD54C0ACF8DE9DC4C14140,175458,0101000020110F0000BFCA3C0A02D461C17EF192D5B1265041,175080,>1m <=5m,ATBI DATABASE,,1446917745000,DERV,CALDERWOOD,Great Smoky Mountains National Park,>1m <=5m,Blount,Tennessee,230982,3934072,35.513806,-83.966319,Chilhowee Lake,Maynard Creek,1264.128052,,,dd,GCS,NAD83,17,,Cades Cove District,TPCOLSON,TPCOLSON,1446917745000,GRSM,UNR,,7,,,Hannah Mountain Trail,Parson Branch Road (closed Winter),Valid,Gamochaeta_purpurea,Gamochaeta  purpurea,17042,Spoon-leaf Purple Everlasting,Plant,Ecological Framework: Biological Integrity | Focal Species or Communities | Vegetation Complexs,1118016000000,Plantae,Tracheobionta, , ,Magnoliopsida,Asteridae,Spermatophyta,Magnoliophyta, , ,Asterales, , , , ,Asteraceae, ,~,observed, ,day,cert,TVA Powerline Plants
0101000020E61000008A9E24F50FFF54C0651944A667C34140,175455,0101000020110F00006F2B05C90AD561C104A6471667285041,175077,>1m <=5m,ATBI DATABASE,,1446917743000,DERV,CALDERWOOD,Great Smoky Mountains National Park,>1m <=5m,Blount,Tennessee,229299,3935543,35.526594,-83.985345,Chilhowee Lake,Tabcat Creek,1405.984985,,,dd,GCS,NAD83,17,,Cades Cove District,TPCOLSON,TPCOLSON,1446917743000,GRSM,UNR,,10,,,Hannah Mountain Trail,Foothills Parkway Section 8h,Valid,Gamochaeta_purpurea,Gamochaeta  purpurea,17042,Spoon-leaf Purple Everlasting,Plant,Ecological Framework: Biological Integrity | Focal Species or Communities | Vegetation Complexs,1118016000000,Plantae,Tracheobionta, , ,Magnoliopsida,Asteridae,Spermatophyta,Magnoliophyta, , ,Asterales, , , , ,Asteraceae, ,~,observed, ,day,cert,TVA Powerline Plants
0101000020E61000004706C8B63DFF54C04E0FA18971C44140,175454,0101000020110F0000F8B86AA531D561C112BE87927C295041,175076,>1m <=5m,ATBI DATABASE,,1446917743000,DERV,CALDERWOOD,Great Smoky Mountains National Park,>1m <=5m,Blount,Tennessee,229073,3936451,35.534708,-83.988138,Chilhowee Lake,Shop Creek,1540.868286,,,dd,GCS,NAD83,17,,Cades Cove District,TPCOLSON,TPCOLSON,1446917743000,GRSM,UNR,,10,,,Hannah Mountain Trail,Foothills Parkway Section 8h,Valid,Gamochaeta_purpurea,Gamochaeta  purpurea,17042,Spoon-leaf Purple Everlasting,Plant,Ecological Framework: Biological Integrity | Focal Species or Communities | Vegetation Complexs,1118016000000,Plantae,Tracheobionta, , ,Magnoliopsida,Asteridae,Spermatophyta,Magnoliophyta, , ,Asterales, , , , ,Asteraceae, ,~,observed, ,day,cert,TVA Powerline Plants
0101000020E61000007FF918374BFF54C06BC6EBBFE3C44140,175452,0101000020110F00004C09DE1C3DD561C12BCA4FC6F3295041,175074,>1m <=5m,ATBI DATABASE,,1446917741000,DERV,CALDERWOOD,Great Smoky Mountains National Park,>1m <=5m,Blount,Tennessee,229010,3936840,35.538194,-83.988962,Chilhowee Lake,,1241.446167,,,dd,GCS,NAD83,17,,Cades Cove District,TPCOLSON,TPCOLSON,1446917741000,GRSM,UNR,,7,,,Hannah Mountain Trail,Foothills Parkway Section 8h,Valid,Gamochaeta_purpurea,Gamochaeta  purpurea,17042,Spoon-leaf Purple Everlasting,Plant,Ecological Framework: Biological Integrity | Focal Species or Communities | Vegetation Complexs,1118016000000,Plantae,Tracheobionta, , ,Magnoliopsida,Asteridae,Spermatophyta,Magnoliophyta, , ,Asterales, , , , ,Asteraceae, ,~,observed, ,day,cert,TVA Powerline Plants
0101000020E61000006583E59844FF54C08DCB9A53E7C44140,175453,0101000020110F0000D45BFB7D37D561C1146F0682F7295041,175075,>1m <=5m,ATBI DATABASE,,1446917742000,DERV,CALDERWOOD,Great Smoky Mountains National Park,>1m <=5m,Blount,Tennessee,229047,3936851,35.538303,-83.988558,Chilhowee Lake,,1310.963867,,,dd,GCS,NAD83,17,,Cades Cove District,TPCOLSON,TPCOLSON,1446917742000,GRSM,UNR,,7,,,Hannah Mountain Trail,Foothills Parkway Section 8h,Valid,Gamochaeta_purpurea,Gamochaeta  purpurea,17042,Spoon-leaf Purple Everlasting,Plant,Ecological Framework: Biological Integrity | Focal Species or Communities | Vegetation Complexs,1118016000000,Plantae,Tracheobionta, , ,Magnoliopsida,Asteridae,Spermatophyta,Magnoliophyta, , ,Asterales, , , , ,Asteraceae, ,~,observed, ,day,cert,TVA Powerline Plants
0101000020E6100000D77FF6535EFF54C0A2F128BBB7C54140,175451,0101000020110F0000E41F61584DD561C1FDDC2008D12A5041,175073,>1m <=5m,ATBI DATABASE,,1446917740000,DERV,CALDERWOOD,Great Smoky Mountains National Park,>1m <=5m,Blount,Tennessee,228926,3937561,35.544663,-83.990128,Chilhowee Lake,,1091.829346,,,dd,GCS,NAD83,17,,Cades Cove District,TPCOLSON,TPCOLSON,1446917740000,GRSM,UNR,,6,,,Hannah Mountain Trail,Foothills Parkway Section 8h,Valid,Gamochaeta_purpurea,Gamochaeta  purpurea,17042,Spoon-leaf Purple Everlasting,Plant,Ecological Framework: Biological Integrity | Focal Species or Communities | Vegetation Complexs,1118016000000,Plantae,Tracheobionta, , ,Magnoliopsida,Asteridae,Spermatophyta,Magnoliophyta, , ,Asterales, , , , ,Asteraceae, ,~,observed, ,day,cert,TVA Powerline Plants
0101000020E61000004DD5A595CEFE54C0CC80D87E24C74140,175456,0101000020110F0000470E8F43D3D461C14D6F89CC4D2C5041,175078,>1m <=5m,ATBI DATABASE,,1446917744000,DERV,CALDERWOOD,Great Smoky Mountains National Park,>1m <=5m,Blount,Tennessee,229759,3938772,35.555794,-83.981355,Abrams Creek Lower,Panther Creek,1024.13562,,,dd,GCS,NAD83,17,,Cades Cove District,TPCOLSON,TPCOLSON,1446917744000,GRSM,UNR,,10,,,Hannah Mountain Trail,Foothills Parkway Section 8h,Valid,Gamochaeta_purpurea,Gamochaeta  purpurea,17042,Spoon-leaf Purple Everlasting,Plant,Ecological Framework: Biological Integrity | Focal Species or Communities | Vegetation Complexs,1020038400000,Plantae,Tracheobionta, , ,Magnoliopsida,Asteridae,Spermatophyta,Magnoliophyta, , ,Asterales, , , , ,Asteraceae, ,~,by hand, , ,cert,INHS plant survey
0101000020E6100000238A03C7A9FE54C01C6D663E31C74140,175457,0101000020110F000021AFE900B4D461C1977B831B5B2C5041,175079,>1m <=5m,ATBI DATABASE,,1446917744000,DERV,CALDERWOOD,Great Smoky Mountains National Park,>1m <=5m,Blount,Tennessee,229964,3938809,35.556183,-83.979108,Abrams Creek Lower,Panther Creek,1119.206665,,,dd,GCS,NAD83,17,,Cades Cove District,TPCOLSON,TPCOLSON,1446917744000,GRSM,UNR,,10,,,Hannah Mountain Trail,Foothills Parkway Section 8h,Valid,Gamochaeta_purpurea,Gamochaeta  purpurea,17042,Spoon-leaf Purple Everlasting,Plant,Ecological Framework: Biological Integrity | Focal Species or Communities | Vegetation Complexs,994809600000,Plantae,Tracheobionta, , ,Magnoliopsida,Asteridae,Spermatophyta,Magnoliophyta, , ,Asterales, , , , ,Asteraceae, ,~,by hand, , ,cert,INHS plant survey
0101000020E6100000C1A604E079FF54C08377C3D49BC64140,175448,0101000020110F00005F31B1BD64D561C1B4AEF821BF2B5041,175071,>1m <=5m,ATBI DATABASE,,1446917739000,DERV,CALDERWOOD,Great Smoky Mountains National Park,>1m <=5m,Blount,Tennessee,228797,3938338,35.551624,-83.991809,Chilhowee Lake,Little Tennessee River,1241.030518,,,dd,GCS,NAD83,17,,Cades Cove District,TPCOLSON,TPCOLSON,1446917739000,GRSM,UNR,,6,,,Hannah Mountain Trail,Foothills Parkway Southwest Entrance Sign Parking #1,Valid,Gamochaeta_purpurea,Gamochaeta  purpurea,17042,Spoon-leaf Purple Everlasting,Plant,Ecological Framework: Biological Integrity | Focal Species or Communities | Vegetation Complexs,1118016000000,Plantae,Tracheobionta, , ,Magnoliopsida,Asteridae,Spermatophyta,Magnoliophyta, , ,Asterales, , , , ,Asteraceae, ,~,observed, ,day,cert,TVA Powerline Plants
0101000020E6100000015F444D67FF54C0930F5A4C02C64140,175449,0101000020110F000002067BF754D561C1F6C9B1DD1E2B5041,175072,>1m <=5m,ATBI DATABASE,,1446917740000,DERV,CALDERWOOD,Great Smoky Mountains National Park,>1m <=5m,Blount,Tennessee,228884,3937815,35.546938,-83.990676,Chilhowee Lake,Little Tennessee River,1064.013428,,,dd,GCS,NAD83,17,,Cades Cove District,TPCOLSON,TPCOLSON,1446917740000,GRSM,UNR,,9,,,Hannah Mountain Trail,Foothills Parkway Section 8h,Valid,Gamochaeta_purpurea,Gamochaeta  purpurea,17042,Spoon-leaf Purple Everlasting,Plant,Ecological Framework: Biological Integrity | Focal Species or Communities | Vegetation Complexs,1118016000000,Plantae,Tracheobionta, , ,Magnoliopsida,Asteridae,Spermatophyta,Magnoliophyta, , ,Asterales, , , , ,Asteraceae, ,~,observed, ,day,cert,TVA Powerline Plants
0101000020E6100000566D74B793FF54C096384A1C41C74140,175447,0101000020110F00008B3F2FB07AD561C11CDEEEAB6B2C5041,175070,>1m <=5m,ATBI DATABASE,,1446917739000,DERV,CALDERWOOD,Great Smoky Mountains National Park,>1m <=5m,Blount,Tennessee,228671,3938902,35.556668,-83.993387,Abrams Creek Lower,Panther Creek,1268.720825,,,dd,GCS,NAD83,17,,Cades Cove District,TPCOLSON,TPCOLSON,1446917739000,GRSM,UNR,,8,,,Hannah Mountain Trail,Foothills Parkway Section 8h,Valid,Gamochaeta_purpurea,Gamochaeta  purpurea,17042,Spoon-leaf Purple Everlasting,Plant,Ecological Framework: Biological Integrity | Focal Species or Communities | Vegetation Complexs,1118016000000,Plantae,Tracheobionta, , ,Magnoliopsida,Asteridae,Spermatophyta,Magnoliophyta, , ,Asterales, , , , ,Asteraceae, ,~,observed, ,day,cert,TVA Powerline Plants
