X,Y,IBI_SCORE,STREAMNAME,STATION_NAME,RIVERORDER,WATERSHED,X_COORD,Y_COORD,LAT,LON,NOTES,ELEVATION,YEAR,XYACCURACY,VALID_RESULT,created_date,last_edited_date,GlobalID,OBJECTID
-83.07270774,35.66721942,Poor,Cataloochee Creek,CAT_2037_1,5,Cataloochee Creek,312397,3949018,35.66721942,-83.07270774,This is the IBI site for Cataloochee Creek located near the old USGS gauging station. This site is monitored with assistance from TVA and is listed as one of their climate monitoring stations.,2460,,>=1m and <5m,Certified,2025/04/17 23:56:18.385+00,2025/04/17 23:56:18.385+00,224e8313-ba7f-4bfb-aed5-2cb1b9c727e5,1
-83.43773314,35.45934577,Fair,Deep Creek,DPC_3020_2,3,Deep Creek,278781,3926716,35.45934577,-83.43773314,This point marks the starting point of IBI monitoring in Lower Deep Creek near the bridge downstream of the Kiosk at the GRSM boundary.,1797,,>=1m and <5m,Certified,2025/04/17 23:56:18.385+00,2025/04/17 23:56:18.385+00,13b8c107-0bdd-40ec-aa25-aaaba8dea2f0,2
-83.72247901,35.47431321,Fair,Hazel Creek,HAZ_4930_1,4,Hazel Creek,252981,3929052,35.47431321,-83.72247901,"This site is valid and is located just upstream of the Calhoun House. The VS WQ site is located approx 100m upstream, but shouldn't be located on the same  map layer.",1718,,>=1m and <5m,Certified,2025/04/17 23:56:18.385+00,2025/04/17 23:56:18.385+00,05b0505a-80c2-4242-939a-304c7deb0d87,3
-83.57549762,35.65300258,Poor,East Prong Little River,EPLR_6693_5,5,Little River,266839,3948518,35.65300258,-83.57549762,This is the IBI site used for the Upper East Prong of the Little River. This site is used by both NPS and TVA. The site is listed as one of the Climate Monitoring locations for TVA's IBI.,2204,,>=5m and <14m,Certified,2025/04/17 23:56:18.385+00,2025/04/17 23:56:18.385+00,8853c530-5c16-4003-bb6f-bf1e36af17d2,4
-83.41567318,35.7381116,Good,Middle Prong Little Pigeon River,MPLP_7091_1,5,Little Pigeon River,281543,3957593,35.7381116,-83.41567318,This is the starting IBI point location for MPLP. Site begins just inside the GRSM boundary across from the first parking lot.,1360,,>=1m and <5m,Certified,2025/04/17 23:56:18.385+00,2025/04/17 23:56:18.385+00,fe88f1db-639c-44fb-be86-1a54fdca1961,5
-83.70213595,35.65989785,Fair,East Prong Little River,EPLR_6693_6,5,Little River,255392,3949591,35.65989785,-83.70213595,This site is co-located with the VS WQ Site VS_AQ_EPLR_1,1153,,>=1m and <5m,Certified,2025/04/17 23:56:18.385+00,2025/04/17 23:56:18.385+00,42a44abc-d044-4964-a3be-ea62351612de,6
-83.10439152,35.7609719,Poor,Big Creek,BIG_884_2,4,Big Creek,309752,3959480,35.7609719,-83.10439152,This site was added to the GRSM Fisheries IBI list in 2015. The site starts at the GRSM boundary bridge of Big Creek. The site should be monitored on the upstream right side of the stream. The upstream left side of Big Creek at this location belongs to Keith Hill upstream to the pool junction of Chestnut Branch.,1551,,>=1m and <5m,Certified,2025/04/17 23:56:18.385+00,2025/04/17 23:56:18.385+00,d54d7d25-5855-47bc-9dc3-c685371740c5,7
-83.70993431,35.65892837,Fair,West Prong Little River,WPLR_11828_1,1,Little River,254683,3949503,35.65892837,-83.70993431,"This site was established in July, 2017, for an IBI location. Site begins downstream of the bridge spanning the Middle Prong of Little River, which is roughly 10-meters upstream of the confluence of the West Prong of Little River.",1136,2017,Unknown,Certified,2025/04/17 23:56:18.385+00,2025/04/17 23:56:18.385+00,dee52ef8-dc31-41fc-8c26-2dd64b5304dc,9
-83.2414449,35.57949676,Poor,Straight Fork,STR_10995_1,4,Raven Fork,296900,3939622,35.57949676,-83.2414449,This IBI was first sampled in 2017 starting above the Park Boundary and Cherokee Fish Hatchery.,2571,2017,Unknown,Certified,2025/04/17 23:56:18.385+00,2025/04/17 23:56:18.385+00,d5cc82bc-2a57-4626-86f1-c405408d8ad4,10
